47;Nalasa_Kladbishe_3_id47.jpg
14;Nizhnie_Meteski_1_id14.jpg
13;Nizhnie_Meteski_2_id13.jpg
4;Nizhnyaya_Ura 1_id4.jpg
5;Nizhnyaya_Ura_2_id5.jpg
6;Nizhnyaya_Ura_3_id6.jpg
58;Panovka_id58.jpg
52;Russko_Tatarskaya_Aisha_1_id52.jpg
53;Russko_Tatarskaya_Aisha_2_id53.jpg
74;Shadki_1_id74.jpg
75;Shadki_2_id75.jpg
21;Srednie_Aty_1_id21.jpg
20;Srednie_Aty_2_id20.jpg
17;Srednyaya_Serda_1_id17.jpg
18;Srednyaya_Serda_2_id18.jpg
22;Srednyaya_Serda_Kladbishe_1_id22.jpg
23;Srednyaya_Serda_Kladbishe_2_id23.jpg
24;Srednyaya_Serda_Kladbishe_3_id24.jpg
25;Srednyaya_Serda_Kladbishe_4_id25.jpg
42;Staraya_Masra_1_id42.jpg
43;Staraya_Masra_2_id43.jpg
7;Stariy_Ashit_1_id7.jpg
8;Stariy_Ashit_2_id8.jpg
9;Stariy_Ashit_3_id9.jpg
63;Starye_Zuri_id63.jpg
3;Staryi_Kishet_id3.jpg
57;Tatarskaya_Aisha_id57.jpg
62;Tatarskoe_Hodyashevo_1_id62.jpg
61;Tatarskoe_Hodyashevo_2_id61.jpg
60;Tatarskoe_Hodyashevo_3_id60.jpg
11;Tatarskoe_Kadryakovo_1_id11.jpg
12;Tatarskoe_Kadryakovo_2_id12.jpg
73;Tautermen_id73.jpg
54;Tuktamysh_1_id54.jpg
55;Tuktamysh_2_id55.jpg
71;Tyamti_id71.jpg
68;Tyamti-Meteski_1_id68.jpg
69;Tyamti-Meteski_2_id69.jpg
67;Tyamti-Meteski_3_id67.jpg
59;Uryvkino_id59.jpg
19;Verhnie_Aty_id19.jpg
64;Verhnie_Kibya_Kozi_1_id64.jpg
65;Verhnie_Kibya_Kozi_2_id65.jpg
28;Yamashurma_1_id28.jpg
30;Yamashurma_2_id30.jpg
31;Yamashurma_3_id31.jpg
33;Yamashurma_4_id33.jpg
32;Yamashurma_5_id32.jpg
29;Yamashurma_6_id29.jpg
40;Aibash_id40.jpg
49;Aldermysh_id49.jpg
16;Arsk_id16.jpg
72;Bolshie_Nyrsi_id72.jpg
66;Bolshie_Shinary_id66.jpg
70;Chally_Kazaklar_id70.jpg
48;Chirsha_id48.jpg
36;Chuvashli_1_id36.jpg
38;Chuvashli_2_id38.jpg
37;Chuvashli_3_id37.jpg
39;Chuvashli_4_id39.jpg
50;Ibrya_1_id50.jpg
51;Ibrya_2_id51.jpg
10;Kachelino_id10.jpg
41;Kazaklar_id41.jpg
26;Krasny_1_id26.jpg
27;Krasny_2_id27.jpg
34;Kurkachi_1_id34.jpg
1;Kurkachi_2_id1.jpg
35;Memdel_part_1_id35.jpg
35;Memdel_part_2_id35.jpg
44;Nalasa_1_id44.jpg
45;Nalasa_Kladbishe_1_id45.jpg
46;Nalasa_Kladbishe_2_id46.jpg
